{
  "best_epoch": 2,
  "peak_cpu_memory_MB": 277.676,
  "peak_gpu_0_memory_MB": 11,
  "peak_gpu_1_memory_MB": 739,
  "training_duration": "00:00:00",
  "training_start_epoch": 0,
  "training_epochs": 2,
  "epoch": 2,
  "training_accuracy": 0.8484848484848485,
  "training_accuracy3": 1.0,
  "training_p": 0.8666666666666667,
  "training_r": 0.8125,
  "training_f1": 0.838709677419305,
  "training_loss": 0.686079740524292,
  "training_cpu_memory_MB": 277.676,
  "training_gpu_0_memory_MB": 11,
  "training_gpu_1_memory_MB": 739,
  "validation_accuracy": 0.9393939393939394,
  "validation_accuracy3": 1.0,
  "validation_p": 0.8888888888888888,
  "validation_r": 1.0,
  "validation_f1": 0.9411764705881854,
  "validation_loss": 0.6813004016876221,
  "best_validation_accuracy": 0.9393939393939394,
  "best_validation_accuracy3": 1.0,
  "best_validation_p": 0.8888888888888888,
  "best_validation_r": 1.0,
  "best_validation_f1": 0.9411764705881854,
  "best_validation_loss": 0.6813004016876221
}