{
  "best_epoch": 3,
  "peak_cpu_memory_MB": 278.736,
  "peak_gpu_0_memory_MB": 11,
  "peak_gpu_1_memory_MB": 739,
  "training_duration": "00:00:01",
  "training_start_epoch": 0,
  "training_epochs": 4,
  "epoch": 4,
  "training_accuracy": 0.9696969696969697,
  "training_accuracy3": 1.0,
  "training_p": 0.9411764705882353,
  "training_r": 1.0,
  "training_f1": 0.9696969696969198,
  "training_loss": 0.6751018762588501,
  "training_cpu_memory_MB": 278.736,
  "training_gpu_0_memory_MB": 11,
  "training_gpu_1_memory_MB": 739,
  "validation_accuracy": 0.9696969696969697,
  "validation_accuracy3": 1.0,
  "validation_p": 0.9411764705882353,
  "validation_r": 1.0,
  "validation_f1": 0.9696969696969198,
  "validation_loss": 0.6672042608261108,
  "best_validation_accuracy": 0.9696969696969697,
  "best_validation_accuracy3": 1.0,
  "best_validation_p": 0.9411764705882353,
  "best_validation_r": 1.0,
  "best_validation_f1": 0.9696969696969198,
  "best_validation_loss": 0.6754161715507507
}