{
  "best_epoch": 1,
  "peak_cpu_memory_MB": 274.108,
  "peak_gpu_0_memory_MB": 11,
  "peak_gpu_1_memory_MB": 739,
  "training_duration": "00:00:00",
  "training_start_epoch": 0,
  "training_epochs": 1,
  "epoch": 1,
  "training_accuracy": 0.6060606060606061,
  "training_accuracy3": 1.0,
  "training_p": 0.8,
  "training_r": 0.25,
  "training_f1": 0.3809523809523447,
  "training_loss": 0.6898611783981323,
  "training_cpu_memory_MB": 274.108,
  "training_gpu_0_memory_MB": 11,
  "training_gpu_1_memory_MB": 739,
  "validation_accuracy": 0.8787878787878788,
  "validation_accuracy3": 1.0,
  "validation_p": 0.875,
  "validation_r": 0.875,
  "validation_f1": 0.87499999999995,
  "validation_loss": 0.6857438087463379,
  "best_validation_accuracy": 0.8787878787878788,
  "best_validation_accuracy3": 1.0,
  "best_validation_p": 0.875,
  "best_validation_r": 0.875,
  "best_validation_f1": 0.87499999999995,
  "best_validation_loss": 0.6857438087463379
}