{
  "peak_cpu_memory_MB": 1431.68,
  "training_duration": "08:27:10",
  "training_start_epoch": 0,
  "training_epochs": 0,
  "epoch": 0,
  "training_accuracy": 0.6511099097106142,
  "training_accuracy3": 0.994154271110444,
  "training_p": 0.6341008852595699,
  "training_r": 0.30104897954431675,
  "training_f1": 0.40826702033594214,
  "training_loss": 0.7799491953982617,
  "training_cpu_memory_MB": 1431.68,
  "validation_accuracy": 0.6856283907737817,
  "validation_accuracy3": 0.9974575786147418,
  "validation_p": 0.6973735032831209,
  "validation_r": 0.3389019239793524,
  "validation_f1": 0.456135918650875,
  "validation_loss": 0.7237702917637521,
  "best_epoch": 0,
  "best_validation_accuracy": 0.6856283907737817,
  "best_validation_accuracy3": 0.9974575786147418,
  "best_validation_p": 0.6973735032831209,
  "best_validation_r": 0.3389019239793524,
  "best_validation_f1": 0.456135918650875,
  "best_validation_loss": 0.7237702917637521,
  "test_accuracy": 0.6882443015533118,
  "test_accuracy3": 0.9973874883343048,
  "test_p": 0.6911064559131594,
  "test_r": 0.3373617179511016,
  "test_f1": 0.4533983008495312,
  "test_loss": 0.7137727148111228
}